publication_date,job_type,job,company,city,country
2022-08-22,external,Projektový specialista/ka (autorizace kolejových vozidel),Siemens,Prague, Czech Republic
2022-08-22,external,数字化工业Sales 100培训生_销售方向 (广西省) ,Siemens,Nanning, China
2022-09-14,external,Supplier Quality Engineer (w/m/d) für Galleys,Siemens,Tönisvorst, Germany
2022-08-22,external,Production Planning Professional,Siemens,Aurangabad, India
2022-08-22,external, (Sr.) Planning Specialist,Siemens,Shanghai, China
2022-09-30,external,西门子 秘书 Electronics Factory Secretary,Siemens,Nanjing, China
2022-09-28,external,Quality Assurance Test Engineer,Siemens,Pune, India
2022-09-30,external,Service Delivery Manager ( Full time or Part time),Siemens,Glasgow, United Kingdom
2022-10-01,external,Junior Scrum Master with IT background (m/f/d),Siemens,Madrid, Spain
2022-09-29,external,Senior Process Manager (w/m/d) / Data Privacy Ambassador (w/m/d),Siemens,Erlangen, Germany
2022-09-24,external,IT Infrastructure Engineer - Mid-level,Siemens,Modena, Italy
2022-09-20,external,Automatisierungstechniker (w/m/d),Siemens,Berlin, Germany
2022-08-26,external,Implementation Consultant (m/w/d),Siemens,Koblenz, Germany
2022-09-29,external,Senior Field Application Engineer - Calibre,Siemens,Fremont, CA
2022-08-25,external,Ingénieur d'Application & Maintenance h/f,Siemens,Grenoble, France
2022-08-22,external,Senior Digital Consultant (w/m/d) IoT/IT für Real Estate Smart Buildings & Infrastructure,Siemens,Ulm, Germany
2022-08-22,external,Software Engineer,Siemens,Troy, MI
2022-08-22,external,Business Project Manager,Siemens,Istanbul, Turkey
2022-09-10,external,General Counsel - Lead Country Italy,Siemens,Milan, Italy
2022-08-22,external,Global Portfolio Manager Automation 80-100%,Siemens,Zug, Switzerland
